id,wiki_id,title,created_on,protected,parent_id
5,2,Wiki,2011-01-23 20:11:45.44662,f,
6,2,Sandbox,2011-01-23 20:12:55.741869,f,
7,2,Emacs_and_Redmine,2011-01-24 08:03:14.127908,f,
8,2,Plugin_Tests,2011-01-24 08:44:36.612499,f,
9,3,Dark_buffers,2011-01-25 16:30:44.324767,f,
13,3,Glossary,2011-01-26 18:32:42.641701,f,
15,3,Good_blog_discussions,2011-01-26 19:38:11.357826,f,
17,3,Papers,2011-01-26 20:22:48.368084,f,
18,3,Talks,2011-01-26 20:45:26.481782,f,
19,3,Dogfood_Principle,2011-01-27 06:29:23.873232,f,
20,3,Bloated_Driver_List,2011-01-27 06:59:17.851246,f,
21,2,Using_the_Email_Interface_to_Bufferbloat's_Redmine,2011-01-27 08:41:05.603002,f,
22,3,Sandbox,2011-01-27 11:02:47.104586,f,
24,3,Quotes,2011-01-27 19:59:37.487117,f,
26,3,Dtaht_tasks,2011-02-01 07:40:16.942953,f,
27,2,Drafts,2011-02-01 17:42:18.802948,f,
28,3,Linux_Tips,2011-02-02 07:37:05.944095,f,
29,3,Experiment_-_TCP_cubic_vs_TCP_vegas,2011-02-02 07:59:43.049088,f,
30,3,Windows_Tips,2011-02-02 11:14:57.491533,f,
31,3,Experiments,2011-02-02 16:33:06.216805,f,
32,3,Experiment-Fun_with_wireless,2011-02-02 17:02:24.584132,f,
33,3,Experiment-Fun_with_your_switch,2011-02-02 17:08:40.672432,f,
34,3,Mitigations_and_Solutions,2011-02-02 17:43:21.065804,f,
35,3,Mitigations_and_solutions_for_Broadband,2011-02-02 17:46:00.677178,f,
37,3,Mitigations_and_Solutions_for_Home_Gateways,2011-02-02 17:47:22.326535,f,
38,3,IPv6,2011-02-02 18:51:43.532621,f,
39,3,Experiment_-_Bloated_LAGN_vs_debloated_WNDR5700,2011-02-03 07:25:31.332287,f,
40,3,Dtaht_test_rig,2011-02-03 07:41:48.62223,f,
44,3,Conferences,2011-02-07 23:13:40.346314,f,
45,3,Wireless_Battle_Mesh,2011-02-08 07:18:09.8137,f,
46,3,Humor,2011-02-12 13:23:18.908463,f,
47,3,Network_Analysis_Tools,2011-03-02 09:52:23.02496,f,
48,3,VOIP,2011-03-05 07:47:07.201597,f,
49,3,Bufferbloat_and_Freeswitch_Conference_Call_March_9,2011-03-10 08:03:32.63537,f,
50,4,Wiki,2011-03-10 15:16:41.647972,f,
51,2,Servers,2011-03-19 09:00:52.78229,f,
52,2,Mailing_lists,2011-03-19 09:15:34.293219,f,
53,2,Web_and_database_server,2011-03-19 09:18:39.994875,f,
54,2,Coping_with_crashes,2011-03-19 10:08:16.808126,f,
55,2,Disaster_planning,2011-03-19 10:24:12.33224,f,
56,2,Ipv6,2011-03-19 10:43:28.624502,f,
57,2,Password,2011-03-19 10:46:35.291269,f,
58,2,Anti-spam,2011-03-19 10:50:12.487568,f,
59,2,Web_User_Management,2011-03-19 10:51:14.41559,f,
60,2,Server_Access,2011-03-19 10:51:49.666662,f,
61,2,Projects,2011-03-19 11:27:16.800058,f,
62,5,Wiki,2011-03-19 12:14:13.885576,f,
63,2,Netnews,2011-03-19 19:20:17.7769,f,
65,5,Build_configuration,2011-03-20 09:03:33.324683,f,
66,5,Wisp6,2011-03-20 09:32:42.151777,f,
67,5,Useless_hardware,2011-03-20 09:58:58.213934,f,
68,5,Hardware_evaluation,2011-03-20 10:02:45.541429,f,
69,5,Good_hardware,2011-03-20 10:06:21.825568,f,
70,2,IPV6_RTTs,2011-03-20 22:33:16.844182,f,
71,2,Australian_IPV6_RTTs,2011-03-20 22:34:05.14406,f,
72,2,Backups,2011-03-21 15:04:02.87961,f,
73,2,Virtual_Servers,2011-03-21 21:05:10.745662,f,
74,2,Huchra,2011-03-21 22:12:22.078819,f,
75,5,Perfect_wireless_router,2011-03-22 06:20:17.134708,f,
76,4,Sampling_via_curl,2011-04-04 08:30:33.768352,f,
77,4,Wndr3700,2011-04-06 09:46:27.098378,f,
78,4,Flashing_instruction_for_Mac,2011-04-06 10:47:38.195217,f,
79,4,OpenWRT_build_for_the_3700,2011-04-07 06:42:20.965342,f,
80,4,Wndr3700_testbed,2011-04-07 07:15:10.041834,f,
81,4,Atom,2011-04-07 18:17:01.065671,f,
82,4,Setting_up_an_OpenWRT_Toolchain,2011-04-08 13:19:36.850109,f,
83,3,Introduction,2011-04-11 07:00:24.038398,f,
84,3,ToDo,2011-04-11 07:10:58.121076,f,
85,3,Wiki,2011-04-11 07:21:17.552948,f,
86,3,Mission,2011-04-11 07:49:19.145503,f,
87,3,Experts,2011-04-11 08:06:29.160074,f,
23,3,ContributorTips,2011-01-27 12:59:01.396715,f,
10,3,TechnicalIntro,2011-01-25 16:37:45.218731,f,
41,3,CongestionSymptoms,2011-02-03 09:15:09.985113,f,
88,4,Further_Configuration_for_wndr3700,2011-04-15 10:31:41.969292,f,
89,4,Setting_up_a_wndr3700_toolchain_at_home,2011-04-16 07:23:25.085045,f,
90,4,Bismark_testers,2011-04-16 07:46:06.966716,f,
91,4,Wndr3700v2,2011-04-16 07:46:55.414607,f,
92,5,Cerowrt_build,2011-04-16 09:01:18.401771,f,
93,5,Uberwrt_build,2011-04-16 09:03:03.655826,f,
94,5,Iscwrt_build,2011-04-16 09:48:06.037722,f,
95,5,Experimental_patches,2011-04-17 07:57:26.023968,f,
96,4,Ssh_configured_on_port_222,2011-04-19 05:50:01.879955,f,
97,5,Openwrt_Build_Overlays,2011-04-19 09:54:41.261546,f,
98,4,Setting_up_a_Measurement_Server,2011-04-19 11:16:14.255227,f,
99,3,Wlan_script,2011-04-20 15:53:17.171291,f,
100,4,Tools,2011-04-22 11:36:29.406615,f,
101,2,IP_address_assignment,2011-04-25 14:27:20.330184,f,
102,3,Equations,2011-04-26 04:11:32.447955,f,
103,5,IPv6_enabled,2011-04-27 09:12:53.954735,f,
104,7,Wiki,2011-05-02 06:49:06.492944,f,
105,7,Features,2011-05-02 06:53:17.935528,f,
106,7,Build,2011-05-03 10:35:55.341886,f,
107,8,Wiki,2011-05-08 00:18:35.924371,f,
108,5,Openwrt_tips,2011-05-08 10:45:26.296102,f,
109,4,Capetown,2011-05-09 17:59:25.43978,f,
110,4,Capetown_Installation,2011-05-11 11:26:18.090915,f,
111,4,Huchra_openwrt_build_procedure,2011-05-13 07:08:39.251266,f,
112,4,CAPETOWN_RELEASE_NOTES,2011-05-18 10:24:41.263661,f,
113,4,Capetown_FAQ,2011-05-18 10:43:58.142608,f,
114,4,Cool_things_to_do_with_a_bismark_router,2011-05-18 10:55:54.750334,f,
115,4,CAPETOWN_INSTALLATION_GUIDE,2011-05-18 11:34:47.27448,f,
116,4,Why_42,2011-05-18 11:52:44.426532,f,
117,4,CAPETOWN_QA,2011-05-18 15:32:10.948273,f,
118,6,Wiki,2011-05-18 15:49:15.456263,f,
119,12,Wiki,2011-05-18 18:54:23.473422,f,
120,5,Dtaht,2011-05-19 16:37:29.357382,f,
121,4,Cool_things_to_do_with_your_bismark_router,2011-05-19 16:47:18.644162,f,
122,10,Wiki,2011-05-19 20:53:55.539161,f,
123,10,Testlab,2011-05-19 20:54:55.728803,f,
124,10,What's_the_naming_scheme,2011-05-20 07:57:20.418508,f,
125,5,Sandbox,2011-05-20 11:20:38.349015,f,
126,3,Experiment_-_BismarkECNDNSGOOGLE,2011-05-21 13:46:03.526394,f,
127,12,Future_directions,2011-05-22 04:39:53.275897,f,
128,4,Post_Capetown_Planning,2011-05-27 16:42:49.491266,f,
129,4,VPN_solutions_under_evaluation,2011-05-27 17:47:46.017007,f,
130,10,Callisto,2011-05-27 17:53:13.764839,f,
131,10,Jupiter,2011-05-27 17:53:52.103866,f,
132,10,Metis,2011-05-27 17:55:13.186322,f,
133,10,Machines,2011-05-27 17:56:58.644053,f,
134,4,Repository_structure,2011-05-28 06:39:42.824199,f,
135,13,Wiki,2011-05-28 06:59:53.706827,f,
136,13,OCEAN_CITY_RELEASE_REQUIREMENTS,2011-05-28 07:10:41.695436,f,
137,4,Flashing_instruction_for_Linux,2011-05-28 07:47:25.416024,f,
138,5,Ideas,2011-05-28 08:19:09.095152,f,
139,5,Protocol_usage_with_iptables,2011-05-28 08:21:02.217724,f,
140,10,Using_the_testlab,2011-05-28 09:31:39.814969,f,
141,10,Experiment_-_QoS,2011-05-28 10:11:51.800478,f,
142,10,Pdsh,2011-05-28 11:35:15.918939,f,
143,10,Aitne,2011-05-28 22:56:05.723806,f,
144,4,Capetown_flashing_instructions,2011-05-29 06:13:40.851065,f,
145,5,Openvpn_on_Mac,2011-05-29 16:45:17.883312,f,
146,5,Using_oprofile,2011-06-04 05:27:50.48705,f,
147,5,Wireless_oprofile,2011-06-04 05:36:00.770912,f,
148,5,Wired_oprofile_with_alignment_trap,2011-06-04 05:43:18.702621,f,
149,13,Architecture_Notes,2011-06-04 14:52:47.23568,f,
150,13,Targets,2011-06-05 05:40:41.303117,f,
151,3,RFC_Improving_DSCP_support_in_Linux,2011-06-19 14:59:42.799994,f,
152,3,Basic_Diffserv_Improvements_to_Linux,2011-06-19 15:03:15.042599,f,
153,3,More_advanced_Diffserv_support_in_Linux,2011-06-19 15:05:50.435733,f,
154,3,Radical_Diffserv_improvements,2011-06-19 15:12:15.908038,f,
155,3,Diffserv_RFC,2011-06-19 15:16:12.096859,f,
156,3,Diffserv_Linux_Improvement_Overview,2011-06-19 15:22:26.022192,f,
158,3,Diffserv_statistics,2011-06-20 04:02:13.944466,f,
159,3,Analysis_of_existing_firewalls_and_shapers,2011-06-20 05:28:52.278586,f,
160,3,ACK_prioritization,2011-06-20 05:43:13.36002,f,
161,3,Enable_ECN_on_multiple_operating_systems,2011-06-21 08:15:20.8235,f,
157,3,Save_the_Ants,2011-06-19 19:16:01.577273,f,
162,13,OCEAN_CITY_RELEASE_NOTES,2011-06-24 08:47:33.158817,f,
163,13,OCEAN_CITY_FAQ,2011-06-24 13:33:52.796639,f,
164,13,Scratch,2011-06-24 13:35:11.251805,f,
165,13,OCEAN_CITY_INSTALLATION_GUIDE,2011-06-24 13:40:51.157177,f,
166,4,Summer-camp-2011,2011-06-27 12:02:52.139843,f,
167,3,Irc_clients,2011-07-08 12:41:58.453749,f,
168,13,OCEAN_CITY,2011-07-09 08:20:38.085418,f,
169,3,BANA,2011-07-09 08:40:06.012532,f,
170,13,Cerowrt_flashing_instructions,2011-07-09 09:25:57.060653,f,
171,13,Further_Configuration_for_wndr3700,2011-07-09 09:31:29.437252,f,
172,13,Sysupgrade,2011-07-09 09:47:51.208044,f,
173,13,172160012_allocation,2011-07-09 10:05:06.607146,f,
174,13,Device_naming_scheme,2011-07-09 11:10:04.100427,f,
175,13,Default_network_numbering,2011-07-09 20:18:03.992592,f,
176,4,Camp2011-Tutorial1,2011-07-11 08:49:33.7401,f,
177,4,Camp2011-Tutorial2,2011-07-12 08:04:19.444938,f,
178,4,Lab_Users,2011-07-12 09:39:36.282309,f,
179,4,Camp2011-Tutorial3,2011-07-13 09:03:55.215338,f,
180,13,Netperf,2011-07-13 13:34:50.792647,f,
181,4,App-brainstorm,2011-07-14 05:44:46.852168,f,
182,13,Uftp,2011-07-14 07:06:10.235571,f,
183,13,Bismark,2011-07-14 08:03:45.625308,f,
184,4,Measurement-brainstorm,2011-07-14 13:35:40.30728,f,
185,13,Last_day,2011-07-15 08:35:47.038842,f,
186,4,Parallel_device_flashing_from_factory_firmware,2011-07-15 11:54:54.747534,f,
187,4,Info-bubbles,2011-07-15 12:12:27.264632,f,
188,4,Bismark-steps-jul15,2011-07-15 12:19:49.761676,f,
189,5,Using_Alternate_TCP_algorithms,2011-07-23 06:55:17.136765,f,
190,13,Building_Cerowrt_on_your_own_machine,2011-07-31 10:33:54.136588,f,
191,13,OCEAN_CITY_README,2011-07-31 10:34:50.45457,f,
192,13,BloatLab_1,2011-08-11 15:19:24.079258,f,
193,13,What's_the_naming_scheme,2011-08-11 15:23:13.776798,f,
194,13,Jupiter,2011-08-11 15:25:26.207072,f,
195,13,Using_the_testlab,2011-08-11 15:27:25.875375,f,
196,13,Machines,2011-08-11 15:28:44.592459,f,
197,13,Testlab,2011-08-11 15:30:30.197037,f,
198,13,Mesh,2011-08-24 05:03:54.287761,f,
199,14,Wiki,2011-08-24 07:54:49.072419,f,
200,14,Cosmic_Background_Bufferbloat_Detector,2011-08-24 07:56:56.703351,f,
201,7,Bind9_on_wndr3700v2_performance_statistics,2011-08-26 14:02:24.783729,f,
203,13,Using_the_CeroWrt_test_tools,2011-08-30 13:34:56.801094,f,
204,13,Bind9_chroot_jail_and_xinetd,2011-09-05 10:48:10.313556,f,
205,13,Evaluating_qos_behavior,2011-09-05 11:17:08.094865,f,
206,13,Custom_homepage,2011-09-05 11:24:57.666067,f,
207,13,Cosmic_background_bufferbloat_detector,2011-09-05 14:30:18.486417,f,
208,13,Enabling_dnssec,2011-09-07 00:27:59.20722,f,
209,13,Evaluating_tcp_behavior,2011-09-08 11:18:38.005101,f,
210,13,Configuring_network_manager,2011-09-15 16:12:49.325865,f,
211,13,Changing_your_cerowrt_ip_addresses,2011-09-15 16:42:56.213763,f,
212,13,Dealing_with_smoketests,2011-09-15 17:06:20.039596,f,
202,13,Cerowrt-10-rc7,2011-08-27 08:20:41.743697,f,
213,4,Why_81,2011-09-19 14:19:13.127866,f,
214,15,Wiki,2011-10-17 05:46:59.120917,f,
215,15,Network_Design,2011-10-17 07:18:09.119277,f,
216,15,Home_Deployment_Test,2011-10-17 07:25:25.29605,f,
217,13,Optimizing_for_80211n,2011-11-01 23:01:11.447576,f,
218,13,Experiments,2011-11-18 07:34:04.21905,f,
219,13,CeroWrt_10_rc8,2011-11-25 06:02:03.457781,f,
220,13,Sharing_Windows_Files_from_wired_to_wireless,2011-11-30 23:36:17.274804,f,
222,13,READ_THIS_FIRST,2012-01-28 15:24:24.824249,f,
223,13,FAQ,2012-01-28 15:52:19.797048,f,
224,13,Installation_Guide,2012-01-28 15:53:50.019662,f,
226,13,BQL_series_release_notes,2012-01-30 14:20:17.619635,f,
227,13,Monitoring_CeroWrt,2012-01-31 19:20:25.051231,f,
228,13,Cool_things_to_do_with_a_cerowrt_router,2012-02-04 18:15:00.867846,f,
229,13,Cerowrt_33_Build,2012-02-11 09:29:35.064109,f,
230,13,Release_Strategy,2012-02-13 14:40:14.471366,f,
231,13,Getting_time_from_gpsd,2012-03-01 11:12:42.668846,f,
232,13,Cerowrt_router_configuration,2012-03-01 17:28:16.175188,f,
233,13,Pure_IPv6_based_networking,2012-03-07 12:12:43.031941,f,
235,13,IPv6_Tunnel,2012-03-17 06:41:20.999494,f,
236,13,CeroWrt_33_Release_Notes,2012-03-17 07:41:45.598174,f,
238,13,OCEAN_CITY_old_News_Item_-_rc5_is_suitable_for_testing,2012-03-17 09:17:47.073342,f,
239,13,OCEAN_CITY_old_News_item_-_rc6_(beta_2)_is_suitable_for_beta_testing,2012-03-17 09:19:24.007447,f,
240,13,OCEAN_CITY_old_News_Item_-_rc7_slipping,2012-03-17 09:20:46.280885,f,
241,13,Historical_Documents,2012-03-17 09:39:37.200205,f,
242,13,Using_the_Networking_Test_Tools,2012-03-30 12:47:04.420605,f,
243,13,Bismark_Tools,2012-03-31 09:00:33.920198,f,
244,13,Oprofiling,2012-04-06 21:58:13.949981,f,
245,13,CeroWall,2012-04-09 23:41:54.103435,f,
246,3,Product,2012-04-11 04:31:10.384724,f,
247,3,Sonicwall_firewall,2012-04-11 04:32:27.977806,f,
248,13,Experimental_Features,2012-04-14 12:56:36.730248,f,
249,13,Early_Test_Results,2012-04-14 21:28:23.885995,f,
250,16,Wiki,2012-05-06 18:52:34.336379,f,
251,17,Wiki,2012-05-26 18:39:43.983151,f,
252,17,An_enormous_backlog_of_email,2012-05-26 18:50:44.727862,f,
253,17,The_initial_idea,2012-05-26 18:51:36.861114,f,
254,17,Using_CPE_home_gateways_and_settop_boxes,2012-05-26 18:53:52.626537,f,
255,17,Existing_Earthquake_related_projects,2012-05-26 18:59:58.749962,f,
256,16,Scratch,2012-06-07 09:50:38.131936,f,
257,16,HOWTO,2012-06-07 10:01:23.758081,f,
258,13,Tuning_Cerowrt,2012-06-08 08:02:01.413311,f,
259,3,Scientific_Orgs,2012-06-10 18:28:08.347742,f,
260,16,Good_OpenWrt_Devices,2012-06-13 08:54:06.885588,f,
261,13,Fq_Codel_on_Wireless,2012-07-03 14:07:50.183742,f,
262,13,Minstrel_Wireless_Rate_Selection,2012-07-08 12:42:28.282347,f,
263,13,338-11_tests,2012-07-12 16:42:27.995698,f,
266,16,Reconciling_codel_variants,2012-08-11 21:53:21.733542,f,
267,13,Build_cluster_machines_wanted,2012-08-13 09:12:23.86446,f,
268,13,Babel_SSID,2012-08-17 14:14:01.990735,f,
269,13,AHCP,2012-08-17 14:20:22.443858,f,
270,13,Donate,2012-09-04 17:40:16.818253,f,
271,13,Why_42,2012-09-07 17:10:04.697622,f,
273,13,Using_Bonjour_mDNS_or_ZeroConf_with_CeroWrt,2012-09-10 19:23:47.840015,f,
274,3,Scratch,2012-10-01 14:14:21.763396,f,
275,3,BQL_enabled_drivers,2012-10-01 14:20:32.61343,f,
276,16,Benchmarking_Codel_and_FQ_Codel,2012-10-01 15:15:31.406088,f,
277,13,Yurtlab,2012-10-01 21:55:12.829134,f,
278,13,Bloat-videos,2012-12-07 22:01:15.435618,f,
279,16,Best_practices_for_benchmarking_Codel_and_FQ_Codel,2012-12-11 05:35:13.882634,f,
280,16,RRUL_Rogues_Gallery,2013-01-14 13:13:11.405895,f,
281,16,RRUL_test_suite,2013-01-14 13:27:14.517825,f,
282,13,CeroWrt_37_Release_Notes,2013-03-11 07:13:57.898698,f,
283,13,Automated_Configuration_of_CeroWrt,2013-03-16 11:08:06.797868,f,
284,13,How_is_CeroWrt_different_from_OpenWrt,2013-03-16 11:51:40.46866,f,
285,13,Setting_up_AQM,2013-03-25 19:07:32.24025,f,
286,13,Setting_QoS,2013-03-27 16:49:23.212913,f,
287,13,Setting_QoS_If_You_Can't_Use_CoDel,2013-04-03 13:52:15.751651,f,
288,13,Hardware_Reports_on_FQ_CODEL,2013-08-30 11:16:21.035768,f,
289,13,CeroWrt_310_Release_Notes,2013-11-06 07:36:56.690921,f,
290,13,Setting_up_AQM_for_CeroWrt_310,2013-12-18 19:11:23.445483,f,
291,13,Quick_Test_for_Bufferbloat,2013-12-20 14:59:13.883529,f,
292,13,Smart_Queue_Management,2013-12-29 01:38:45.327898,f,
293,13,Wondershaper_Must_Die,2013-12-29 01:50:36.341319,f,
294,13,SQM,2013-12-29 11:44:32.679781,f,
295,18,Wiki,2013-12-30 21:36:28.559212,f,
296,13,Everything_you_wanted_to_know_about_Link_Layer_Adaptation,2014-01-11 07:30:01.046273,f,
297,13,Previous_Dedications,2014-01-12 15:23:51.374818,f,
298,13,Setting_up_SQM_for_CeroWrt_310,2014-01-21 07:43:20.965193,f,
299,16,Technical_description_of_FQ_CoDel,2014-02-10 07:49:12.258139,f,
300,13,CeroWrt_and_BCP38,2014-03-22 15:03:27.577202,f,
301,13,Enable_ECN,2014-03-23 00:41:56.363403,f,
302,13,Setting_up_an_interior_gateway_router,2014-03-26 09:01:50.804992,f,
303,13,Tuning_your_CeroWrt_default_gateway,2014-03-26 09:56:40.223275,f,
304,13,Sony_BlueRay_Bugs,2014-03-26 10:39:41.461724,f,
305,13,CeroWrtScripts,2014-05-10 12:24:49.004209,f,
306,13,Debugging_CeroWrt,2014-05-29 13:49:51.93291,f,
307,18,Solving_the_Home_Router_Disaster_Annotated,2014-08-03 07:46:29.064856,f,
308,18,Wifi_Stack_Rework,2014-08-03 09:11:00.187496,f,
309,18,Manifesto,2014-08-03 09:32:30.597973,f,
310,18,Hardware_Plan,2014-08-09 10:29:34.557372,f,
311,18,RFP,2014-08-09 10:31:53.69482,f,
312,18,BQL_on_everything,2014-08-09 11:01:10.051719,f,
313,3,Upcoming_Talks,2014-10-12 12:53:40.15115,f,
314,13,Cerowrt_and_OpenWrt_Barrier_Breaker_Interoperation,2014-10-14 12:08:16.73833,f,
315,13,Example,2014-12-09 21:30:07.517501,f,
316,13,What_to_do_about_Bufferbloat,2015-03-25 21:45:33.078205,f,
317,16,Cake,2015-04-11 11:10:42.431734,f,
318,16,Bobbie,2015-04-14 07:57:48.554522,f,
319,13,What_t,2015-05-20 22:40:42.447932,f,
320,3,Janitorial_Tasks,2015-06-16 10:00:26.851787,f,
321,3,Advice_for_ISPS,2015-06-18 10:51:28.130391,f,
322,16,Quotes,2015-07-04 20:43:25.684867,f,
323,16,CakeTechnical,2015-08-14 04:34:53.759,f,
324,3,Daves_Media_Guidance,2015-09-28 11:11:19.443085,f,
325,16,CakeFAQ,2015-11-19 03:19:20.940783,f,
